{
    "version": "0.1",
    "language": "en",
    "words": [
        "backends",
        "Bazel",
        "boringssl",
        "charsets",
        "CNCF",
        "deallocate",
        "deserialization",
        "Disqus",
        "Dockerfiles",
        "Docsy",
        "Docsy's",
        "favicons",
        "flatbuffers",
        "getenv",
        "Gitter",
        "Gmail",
        "gradlew",
        "Istio",
        "Linkerd",
        "marshallers",
        "microservice",
        "microservices",
        "multicore",
        "opengraph",
        "performant",
        "pluggable",
        "printf",
        "protoc",
        "pushback",
        "relref",
        "repo's",
        "RPC's",
        "RPCs",
        "runtimes",
        "SDKs",
        "subchannel",
        "subchannels",
        "submodule",
        "submodules",
        "threadsafe",
        "unencrypted",
        "unmarshalling",
        "unminified",
        "URL's",
        "Xcode"
    ],
    "flagWords": [],
    "ignoreWords": [
        "codegen",
        "grpc",
        "helloworld",
        "markdownify",
        "proto",
        "protobuf",
        "protos",
        "quickstart",
        "routeguide"
    ]
}